template_name,f1_score,exact_match,token_overlap,avg_answer_length,improvement_vs_basic_percent,sample_size,statistical_significance,template_category,rank
basic,0.15789306249306248,0.082,0.16983809523809523,2.07,0.0,500,Marginal,Baseline,1
detailed_explanation,0.11621774891774891,0.058,0.12117142857142857,2.062,-26.394645158741348,500,Yes,Detail-Oriented,2
factual_lookup,0.10885555555555554,0.054,0.11689999999999999,2.258,-31.057417066479125,500,Yes,Fact-Retrieval,3
source_aware,0.10505093795093795,0.052,0.11243809523809523,2.258,-33.46703376815325,500,Yes,Source-Attribution,4
evidence_based,0.09876984126984127,0.05,0.10543809523809523,2.132,-37.44510385047409,500,Yes,Evidence-Driven,5
multi_source,0.08191111111111112,0.042,0.09119999999999999,2.25,-48.122412842103095,500,Yes,Multi-Source-Synthesis,6
search_and_answer,0.06591111111111111,0.028,0.06903333333333334,2.048,-58.25585363257672,500,Yes,Search-Guided,7
