template_name,f1_score,exact_match,token_overlap,avg_answer_length,improvement_vs_basic_percent,sample_size,statistical_significance,template_category,rank
basic,0.14715252525252526,0.08,0.15948571428571426,2.064,0.0,500,Marginal,Baseline,1
confident_direct,0.11902380952380952,0.058,0.1265857142857143,2.308,-19.11534693709446,500,Yes,Confidence-Based,2
structured_response,0.09692712842712842,0.054,0.09873809523809522,2.396,-34.13152220065957,500,Yes,Structure-Oriented,3
instructional_clear,0.0935907647907648,0.042,0.10157142857142856,2.532,-36.39880482502376,500,Yes,Instruction-Based,4
retrieval_focused,0.09285252525252526,0.046,0.09955238095238096,2.068,-36.90048805266301,500,Yes,Retrieval-Optimized,5
context_guided,0.08806349206349207,0.044,0.09411904761904762,2.31,-40.15495696565981,500,Yes,Context-Aware,6
knowledge_synthesis,0.07871428571428571,0.036,0.08441904761904762,2.198,-46.50836906862058,500,Yes,Knowledge-Integration,7
