,f1_score,f1_std,exact_match,token_overlap,avg_length,num_samples,improvement_vs_basic
question_mark,0.18147970597635027,0.32892456328220665,0.10067114093959731,0.19015659955257272,2.0,149.0,+9.7%
polite_request,0.14097155640779804,0.3049020444727224,0.087248322147651,0.14429530201342283,2.033557046979866,149.0,-14.8%
short_instruction,0.13191115372323425,0.28708139244625425,0.06040268456375839,0.13087248322147652,2.1946308724832213,149.0,-20.2%
precise,0.1396452540747843,0.2962934347157681,0.0738255033557047,0.1493288590604027,1.8791946308724832,149.0,-15.6%
what_is,0.13478214552040055,0.29771699706001087,0.08053691275167785,0.14149888143176736,2.422818791946309,149.0,-18.5%
direct,0.15351550015979545,0.30192478485601254,0.0738255033557047,0.1610738255033557,1.9463087248322148,149.0,-7.2%
basic,0.16537232342601468,0.3226473014291268,0.09395973154362416,0.1739373601789709,1.8993288590604027,149.0,+0.0%
