,f1_score,f1_std,exact_match,token_overlap,avg_length,num_samples,improvement_vs_basic
question_mark,0.1453338526958159,0.30533695701530583,0.07975460122699386,0.15824812542603953,2.0593047034764824,489.0,+2.9%
polite_request,0.10661228115215846,0.2654856603627896,0.05521472392638037,0.11601908657123382,2.18200408997955,489.0,-24.5%
short_instruction,0.11194061562159721,0.27096913093298214,0.05521472392638037,0.12023079170318433,2.0920245398773005,489.0,-20.7%
precise,0.1253969729429852,0.27913332984793154,0.05725971370143149,0.13895705521472393,1.983640081799591,489.0,-11.2%
what_is,0.09587593728698021,0.2599452972941452,0.05521472392638037,0.10306748466257669,2.4805725971370145,489.0,-32.1%
direct,0.11910442431914825,0.2719661521885187,0.05521472392638037,0.1276755282890252,2.1186094069529653,489.0,-15.6%
basic,0.14117260835052248,0.2979830022460603,0.06952965235173825,0.15357873210633946,2.0470347648261757,489.0,+0.0%
