,f1_score,f1_std,exact_match,token_overlap,avg_length,num_samples,improvement_vs_basic
question_mark,0.14516507936507936,0.30753323233264246,0.082,0.15843333333333334,1.998,500.0,-6.2%
polite_request,0.1164001443001443,0.2785878348230713,0.064,0.12479999999999998,2.186,500.0,-24.8%
short_instruction,0.12551125541125538,0.28726812046406236,0.066,0.13258571428571428,2.076,500.0,-18.9%
precise,0.14584458874458875,0.3043144983042477,0.078,0.15923333333333334,1.988,500.0,-5.8%
what_is,0.10374444444444444,0.2708878017099634,0.062,0.11163333333333332,2.468,500.0,-33.0%
direct,0.13348888888888888,0.2874303058152258,0.066,0.14293333333333333,2.144,500.0,-13.8%
basic,0.1548287157287157,0.3146166589235923,0.086,0.17039999999999997,2.026,500.0,+0.0%
