,f1_score,f1_std,exact_match,token_overlap,avg_length,num_samples,improvement_vs_basic,rank
retrieval_focused,0.37777777777777777,0.4841946348777983,0.3333333333333333,0.3611111111111111,2.5555555555555554,9.0,+70.0%,1.5
confident_direct,0.37777777777777777,0.4841946348777983,0.3333333333333333,0.3611111111111111,2.111111111111111,9.0,+70.0%,1.5
precise_instruction,0.35,0.45,0.2222222222222222,0.3333333333333333,2.111111111111111,9.0,+57.5%,3.0
question_mark,0.3333333333333333,0.5,0.3333333333333333,0.3333333333333333,2.5555555555555554,9.0,+50.0%,4.0
context_guided,0.26666666666666666,0.43588989435406744,0.2222222222222222,0.25,2.2222222222222223,9.0,+20.0%,5.5
conversational,0.26666666666666666,0.43588989435406744,0.2222222222222222,0.25,1.4444444444444444,9.0,+20.0%,5.5
basic,0.2222222222222222,0.44095855184409843,0.2222222222222222,0.2222222222222222,1.7777777777777777,9.0,+0.0%,7.0
