,f1_score,f1_std,exact_match,token_overlap,avg_length,num_samples,f1_difference,percent_change
without_question_mark,0.147851358771947,0.3115928527227571,0.079,0.16120241702741703,2.027,1000.0,0.0,0.0
with_question_mark,0.14953847720906543,0.31396050401115905,0.085,0.16371551226551226,2.08,1000.0,0.00168711843711844,1.141090924785299
