,f1_score,f1_std,exact_match,token_overlap,avg_length,num_samples,purpose,improvement_vs_basic,rank
question_mark,0.1503880891199455,0.31495267758882517,0.08591408591408592,0.16455096130420804,2.0779220779220777,1001,Minimal punctuation enhancement - proven 1-3% improvement,+1.1%,1.0
basic,0.14870265611583117,0.31259950037853523,0.07992007992007992,0.16204037665076626,2.026973026973027,1001,Baseline - no prompt engineering,+0.0%,2.0
confident_direct,0.1421704456963316,0.30852210363966037,0.08091908091908091,0.15528400171257314,2.021978021978022,1001,Direct command for confident responses,-4.4%,3.0
retrieval_focused,0.12762159585336408,0.29987383057296696,0.07892107892107893,0.13583242154670727,2.082917082917083,1001,Explicitly leverages RAG's retrieval mechanism,-14.2%,4.0
precise_instruction,0.12088989931147774,0.2884903677941496,0.06693306693306693,0.13125327053898483,2.21978021978022,1001,Explicit instruction for precision and brevity,-18.7%,5.0
context_guided,0.11509059815753123,0.281425252655206,0.06593406593406594,0.12413419913419912,2.1008991008991007,1001,Emphasizes context utilization,-22.6%,6.0
conversational,0.10999958527431054,0.27478767158856254,0.058941058941058944,0.11739133881991023,2.014985014985015,1001,Conversational Q&A format,-26.0%,7.0
