,f1_score,f1_std,exact_match,token_overlap,avg_length,num_samples
instructional,0.11916666666666667,0.25231530214377884,0.05,0.125,2.25,20.0
expert_role,0.06999999999999999,0.23642067769572364,0.05,0.0625,1.9,20.0
precise_instruction,0.16499999999999998,0.3133435981894569,0.05,0.17916666666666667,2.15,20.0
context_emphasis,0.11916666666666667,0.28373423649440743,0.05,0.12916666666666665,2.3,20.0
basic,0.16166666666666668,0.32431213756672667,0.1,0.15833333333333333,1.85,20.0
knowledge_based,0.07916666666666666,0.23488674638159343,0.05,0.0875,2.55,20.0
confident,0.10666666666666666,0.2516843841794045,0.05,0.1125,1.85,20.0
