,f1_score,f1_std,exact_match,token_overlap,avg_length,num_samples
instructional,0.11349206349206349,0.2472975629804804,0.047619047619047616,0.11904761904761904,2.142857142857143,21.0
expert_role,0.06666666666666667,0.23094010767585033,0.047619047619047616,0.05952380952380952,2.1904761904761907,21.0
precise_instruction,0.15714285714285714,0.3075246796135695,0.047619047619047616,0.17063492063492064,2.1904761904761907,21.0
context_emphasis,0.11349206349206349,0.27776984115645936,0.047619047619047616,0.123015873015873,2.3333333333333335,21.0
basic,0.15396825396825398,0.31806292013377035,0.09523809523809523,0.15079365079365079,1.8095238095238095,21.0
knowledge_based,0.07539682539682539,0.22959015704433025,0.047619047619047616,0.08333333333333333,2.4761904761904763,21.0
confident,0.10158730158730159,0.24641342641905034,0.047619047619047616,0.10714285714285714,2.0,21.0
