,f1_score,f1_std,exact_match,token_overlap,avg_length,num_samples,improvement_vs_basic,rank
retrieval_focused,0.09285252525252526,0.24731457704542098,0.046,0.09955238095238096,2.068,500.0,-36.9%,5.0
knowledge_synthesis,0.07871428571428571,0.22602927440387846,0.036,0.08441904761904762,2.198,500.0,-46.5%,7.0
instructional_clear,0.0935907647907648,0.2482970535984553,0.042,0.10157142857142856,2.532,500.0,-36.4%,4.0
context_guided,0.08806349206349207,0.24317844999407834,0.044,0.09411904761904762,2.31,500.0,-40.2%,6.0
confident_direct,0.11902380952380952,0.2754643222239309,0.058,0.1265857142857143,2.308,500.0,-19.1%,2.0
structured_response,0.09692712842712842,0.2598986258322364,0.054,0.09873809523809522,2.396,500.0,-34.1%,3.0
basic,0.14715252525252526,0.3070145726504276,0.08,0.15948571428571426,2.064,500.0,+0.0%,1.0
