,f1_score,f1_std,exact_match,token_overlap,avg_length,num_samples
instructional,0.12612698412698412,0.28966008017993444,0.07333333333333333,0.13455555555555557,2.2066666666666666,150.0
expert_role,0.08107407407407408,0.23579196895819626,0.03333333333333333,0.08877777777777777,2.1333333333333333,150.0
precise_instruction,0.09705291005291004,0.243170132209925,0.03333333333333333,0.10773015873015872,2.2866666666666666,150.0
context_emphasis,0.09046031746031745,0.23815731000836224,0.03333333333333333,0.09393939393939393,2.26,150.0
basic,0.13794304388422035,0.2964278587585932,0.07333333333333333,0.1433838383838384,2.02,150.0
knowledge_based,0.08805291005291004,0.23929296038638628,0.04,0.09444444444444444,2.22,150.0
confident,0.05946031746031745,0.19515329688576757,0.02666666666666667,0.06505050505050505,2.1933333333333334,150.0
