,f1_score,f1_std,exact_match,token_overlap,avg_length,num_samples
retrieval_focused,0.13933333333333334,0.30451552540949284,0.08,0.12499999999999999,1.82,50.0
knowledge_synthesis,0.08433333333333333,0.2356640158035825,0.04,0.08166666666666667,2.06,50.0
instructional_clear,0.13232034632034634,0.28041058817047687,0.06,0.11966666666666664,2.4,50.0
context_guided,0.10933333333333334,0.2564399564170247,0.04,0.10499999999999998,2.3,50.0
confident_direct,0.1376666666666667,0.2960972522102154,0.08,0.12666666666666665,2.18,50.0
structured_response,0.13704761904761903,0.2863198797397337,0.06,0.13,2.5,50.0
basic,0.13466666666666666,0.31507548676194513,0.1,0.12999999999999998,2.02,50.0
