,f1_score,f1_std,exact_match,token_overlap,avg_length,num_samples
retrieval_focused,0.093109243697479,0.2478229879504042,0.047058823529411764,0.09573529411764706,1.9676470588235293,340.0
knowledge_synthesis,0.08397759103641456,0.23024352059174066,0.03529411764705882,0.09112745098039216,2.161764705882353,340.0
instructional_clear,0.0804766148883796,0.2265485382760319,0.03529411764705882,0.08081232492997198,2.5029411764705882,340.0
context_guided,0.07560457516339869,0.2227666580376543,0.03529411764705882,0.07720588235294117,2.2852941176470587,340.0
confident_direct,0.11025210084033614,0.2609539172728293,0.047058823529411764,0.11416666666666665,2.291176470588235,340.0
structured_response,0.09875137933961464,0.2578495146984721,0.05,0.09723389355742297,2.3588235294117648,340.0
basic,0.13616501145912913,0.29406055716944207,0.07058823529411765,0.1453921568627451,2.0,340.0
