,f1_score,f1_std,exact_match,token_overlap,avg_length,num_samples
instructional,0.10003756047873695,0.25129474208551544,0.04411764705882353,0.10789215686274509,2.1411764705882352,340.0
expert_role,0.07678571428571428,0.22177902542673153,0.029411764705882353,0.08245098039215686,2.3529411764705883,340.0
precise_instruction,0.0863188608776844,0.23261160274964546,0.03235294117647059,0.09355742296918768,2.261764705882353,340.0
context_emphasis,0.08457770987182751,0.24431074064499217,0.047058823529411764,0.08892156862745097,2.1294117647058823,340.0
basic,0.12621691457331594,0.28203425247819824,0.061764705882352944,0.135855614973262,1.9852941176470589,340.0
knowledge_based,0.0711484593837535,0.20787781735038888,0.023529411764705882,0.07083333333333333,2.1205882352941177,340.0
confident,0.11437908496732026,0.26521136655041705,0.052941176470588235,0.12024509803921568,2.1323529411764706,340.0
