,f1_score,f1_std,exact_match,token_overlap,avg_length,num_samples
instructional,0.10003756047873695,0.25129474208551544,0.04411764705882353,0.10789215686274509,2.1411764705882352,340.0
expert_role,0.07678571428571428,0.22177902542673153,0.029411764705882353,0.08245098039215686,2.3529411764705883,340.0
precise_instruction,0.0863188608776844,0.23261160274964546,0.03235294117647059,0.09355742296918768,2.261764705882353,340.0
context_emphasis,0.09007703081232492,0.2390787190568685,0.03529411764705882,0.09144385026737968,2.276470588235294,340.0
basic,0.12621691457331594,0.28203425247819824,0.061764705882352944,0.135855614973262,1.9852941176470589,340.0
knowledge_based,0.08259067729655964,0.22852821447842178,0.03529411764705882,0.09117647058823529,2.1088235294117648,340.0
confident,0.06452635599694423,0.20530510599524046,0.029411764705882353,0.06853068500127324,2.226470588235294,340.0
