,f1_score,f1_std,exact_match,token_overlap,avg_length,num_samples,improvement_vs_basic,rank
search_and_answer,0.06591111111111111,0.20570403042969368,0.028,0.06903333333333334,2.048,500.0,-58.3%,7.0
multi_source,0.08191111111111112,0.2374047956011579,0.042,0.09119999999999999,2.25,500.0,-48.1%,6.0
evidence_based,0.09876984126984127,0.2552284322554841,0.05,0.10543809523809523,2.132,500.0,-37.4%,5.0
detailed_explanation,0.11621774891774891,0.28050336713035456,0.058,0.12117142857142857,2.062,500.0,-26.4%,2.0
source_aware,0.10505093795093795,0.2651254358563765,0.052,0.11243809523809523,2.258,500.0,-33.5%,4.0
factual_lookup,0.10885555555555554,0.26883471397574626,0.054,0.11689999999999999,2.258,500.0,-31.1%,3.0
basic,0.15789306249306248,0.31416252341233486,0.082,0.16983809523809523,2.07,500.0,+0.0%,1.0
