,f1_score,f1_std,exact_match,token_overlap,avg_length,num_samples
precise_instruction,0.5333333333333333,0.5033222956847166,0.3333333333333333,0.5833333333333334,2.6666666666666665,3.0
basic,0.3333333333333333,0.5773502691896258,0.3333333333333333,0.3333333333333333,2.3333333333333335,3.0
confident,0.4666666666666666,0.5033222956847168,0.3333333333333333,0.4166666666666667,1.3333333333333333,3.0
